Timestamp,Open,High,Low,Close,Volume,atr,rsi,sma,ema_20,ema_9,bb_h,bb_l,vwap,obv,ad_line,adx,aroon,macd,macd_diff,macd_signal
2024-08-07T11:45:00+05:30,1130.45,1131.5,1128.3,1128.55,275562,6.426217480999442,39.33458520266178,1134.3274999999999,1135.0885395713278,1132.946829702762,1141.5838403310497,1127.07115966895,1133.0907651951882,2277170,-469512.97284870385,17.579093793865045,-52.0,-2.5430678417710624,0.058878686920118106,-2.6019465286911805
2024-08-07T11:15:00+05:30,1129.15,1130.7,1127.0,1130.45,390481,6.231487660928058,42.3771040015635,1133.9475,1134.6467738978681,1132.4474637622097,1141.1802363424933,1126.7147636575066,1132.9232996982853,2667651,-131799.67555140588,19.055523232106324,-52.0,-2.6008839459618684,0.000850066183449627,-2.601734012145318
2024-08-07T10:45:00+05:30,1136.7,1137.45,1127.0,1129.35,490659,6.532809970861771,41.092186866063656,1133.4524999999999,1134.1423192409284,1131.827971009768,1140.5190744883942,1126.3859255116056,1132.8681187825032,2176992,-401779.5080873006,17.6753003347872,-52.00000000000001,-2.7042910481516174,-0.08204562880503907,-2.6222454193465783
2024-08-07T10:15:00+05:30,1136.25,1141.0,1132.1,1136.9,438270,6.89832354437165,51.87746386793568,1133.4475,1134.404955503697,1132.8423768078144,1140.5041617461818,1126.3908382538182,1133.4845294722636,2615262,-367308.83392998413,17.645019936763216,-52.0,-2.152210674674734,0.3760277957374756,-2.5282384704122096
2024-08-07T09:45:00+05:30,1142.6,1143.4,1133.4,1136.25,655904,7.119871862630818,51.01154349795916,1133.3674999999998,1134.5806740271544,1133.5239014462516,1140.25700469918,1126.4779953008197,1134.0684502149782,1959358,-649347.5539299961,18.32660226693685,-48.0,-1.7469943060000332,0.6249953315297412,-2.3719896375297744
2024-08-07T09:15:00+05:30,1138.8,1144.8,1134.0,1142.65,702969,7.382738158157186,58.37821381458256,1133.8,1135.3491812626635,1135.3491211570013,1141.7918708698292,1125.8081291301708,1134.8013236290108,2662327,-226264.35948553513,19.33476897010525,56.0,-0.8990670165139818,1.178338096812634,-2.077405113326616
2024-08-06T15:15:00+05:30,1125.3,1129.25,1125.25,1127.3,844307,8.098256861145964,42.04680723354658,1133.2325,1134.5825925709812,1133.7392969256011,1141.3766558801406,1125.0883441198596,1134.1384734012645,1818020,-205156.68448555432,18.219225247266596,-4.0,-1.4489921655890612,0.5027303581900437,-1.951722523779105
2024-08-06T14:45:00+05:30,1126.2,1128.2,1123.1,1125.3,1926769,7.884095656778405,40.45866063446187,1132.7475,1133.6985361356496,1132.051437540481,1141.54218447416,1123.95281552584,1132.2271252615888,-108749,-469615.1746816429,17.80322373608246,-8.0,-2.0228766309257935,-0.056923285717350725,-1.9659533452084428
2024-08-06T14:15:00+05:30,1129.2,1132.65,1126.2,1126.2,823708,7.84594596700853,41.52893655566182,1132.5575000000001,1132.9843898370164,1130.8811500323848,1141.7371663882755,1123.3778336117248,1131.4038234919492,714959,-1293323.174681643,16.378517329358292,-8.0,-2.377653615096733,-0.32936021591063236,-2.0482933991861008
2024-08-06T13:45:00+05:30,1134.2,1134.85,1128.0,1129.2,612879,7.903378397936483,45.07319146282793,1132.425,1132.6239717573005,1130.544920025908,1141.717496973367,1123.132503026633,1131.094260994374,1327838,-1691470.8462144788,15.707807816330963,-8.0,-2.3892007837193887,-0.2727259076266302,-2.1164748760927585
2024-08-06T13:15:00+05:30,1135.55,1138.5,1130.05,1134.15,662486,8.00313708379816,50.41405163649018,1132.7125,1132.7693077804147,1131.2659360207265,1141.843484339053,1123.5815156609472,1131.1449102885601,1990324,-1711071.0237292538,16.037426495358655,-8.0,-1.9761485564724808,0.11226105569622247,-2.0884096121687032
2024-08-06T12:45:00+05:30,1135.5,1137.35,1134.0,1135.55,213978,7.670770149241142,51.840373287486244,1133.06,1133.0341356108513,1132.1227488165812,1142.0666419935526,1124.0533580064473,1131.123391283035,2204302,-1727039.531191941,16.337079839929284,-8.0,-1.5183310159634402,0.45606287696421055,-1.9743938929276508
2024-08-06T12:15:00+05:30,1138.35,1138.6,1134.5,1135.3,264906,7.415715138581055,51.555187500214224,1133.1100000000001,1133.2499322193416,1132.758199053265,1142.1546448244267,1124.0653551755736,1131.1935854686185,1939396,-1888567.5799724322,16.93903949844257,-8.0,-1.1622821621060666,0.6496893846572673,-1.811971546763334
2024-08-06T11:45:00+05:30,1138.4,1139.9,1136.75,1138.45,241000,7.214592628682418,54.92027415647368,1132.9900000000002,1133.7451767698806,1133.896559242612,1141.6773240989405,1124.30267590106,1131.3292166800604,2180396,-1869440.5958454486,17.828730546704325,-8.0,-0.6187990753278427,0.9545379771483931,-1.5733370524762358
2024-08-06T11:15:00+05:30,1135.7,1138.9,1133.65,1138.6,297985,7.0742645837765314,55.08028571194789,1133.0425,1134.2075408870348,1134.8372473940897,1141.8512612636528,1124.2337387363473,1131.5886691933895,2478381,-1605511.024416898,17.32791611891968,-8.0,-0.17397558482821296,1.1194891741184183,-1.2934647589466313
2024-08-06T10:45:00+05:30,1128.75,1135.95,1128.7,1135.8,419850,7.276102827792484,51.411819600815164,1133.215,1134.359203659698,1135.0297979152717,1142.097572825484,1124.332427174516,1131.7813960536723,2058531,-1203034.1278651843,16.332140438153463,-8.0,-0.04684634771524543,0.9972947289851086,-1.044141076700354
2024-08-06T10:15:00+05:30,1134.2,1135.75,1127.0,1128.7,647211,7.384952625807303,43.500212580456775,1132.9550000000002,1133.820231882584,1133.7638383322173,1142.044163877939,1123.8658361220614,1131.714262945646,1411320,-1598757.4250080348,15.930396667477659,-7.999999999999993,-0.5130915739346165,0.4248396022125901,-0.9379311761472066
2024-08-06T09:45:00+05:30,1140.1,1141.95,1133.5,1134.2,605446,7.803884581106781,49.928317294875754,1132.9625,1133.856400274719,1133.851070665774,1142.055512427135,1123.8694875728652,1131.7991663974033,2016766,-2103892.845126372,15.35057051756067,-8.0,-0.4337897816685654,0.40331311558291294,-0.8371028972514784
2024-08-06T09:15:00+05:30,1140.0,1151.0,1139.5,1140.1,976228,8.446464253884866,55.74496573746116,1133.3325,1134.4510288199838,1135.1008565326192,1142.9403236349356,1123.7246763650644,1132.6212445605327,2992994,-2978253.57556117,16.759490863432184,43.99999999999999,0.10393999610869287,0.752834314688137,-0.6488943185794441
2024-08-05T15:15:00+05:30,1135.05,1135.1,1130.0,1131.5,573589,8.56457395003594,47.14750053932667,1133.225,1134.1699784561758,1134.3806852260955,1142.8642686444575,1123.5857313555423,1131.9880711924243,2419405,-3214437.2814435167,15.497558378335524,44.0,-0.16198613236906567,0.38952654896830274,-0.5515126813373684
2024-08-05T14:45:00+05:30,1133.45,1136.0,1130.85,1134.9,945840,8.320675810747666,50.40417987893944,1133.5425,1134.2395043174924,1134.4845481808763,1142.9606885200938,1124.1243114799063,1132.6188285175385,3365245,-2672645.436783282,14.542743648801496,44.0,-0.09726174718934999,0.36340074731841476,-0.46066249450776475
2024-08-05T14:15:00+05:30,1130.65,1133.65,1128.05,1133.45,618350,8.215627538551415,49.0170087474149,1133.6924999999999,1134.1643134301123,1134.2776385447012,1143.0038519426569,1124.381148057343,1134.2756050833964,2746895,-2098463.293926148,13.429021470334156,44.0,-0.1611128784909397,0.2396396928134601,-0.4007525713043998
2024-08-05T13:45:00+05:30,1128.6,1131.55,1128.05,1130.65,584242,8.014511285797749,46.36353530029468,1133.7575000000002,1133.8296169129587,1133.552110835761,1142.9642515986925,1124.5507484013078,1134.5928898241432,2162653,-1814688.608211817,12.416546762636575,44.0,-0.43266447277574116,-0.025529521177073078,-0.4071349515986681
2024-08-05T13:15:00+05:30,1129.4,1132.0,1127.6,1128.6,666280,7.756331908240774,44.46563685095862,1133.3425,1133.3315581593436,1132.5616886686087,1142.692381015287,1123.9926189847129,1134.4550409631095,1496373,-2178114.062757278,11.496115210184227,44.0,-0.8040206851324001,-0.3175085868269856,-0.48651209830541453
2024-08-05T12:45:00+05:30,1128.2,1130.0,1125.8,1129.5,641877,7.502308200509293,45.52003962890151,1133.0049999999999,1132.9666478584536,1131.949350934887,1142.3979175446198,1123.61208245538,1133.9719406976403,2138250,-1689064.9199001333,11.157239637846674,44.0,-1.0140117838718652,-0.42199974845316046,-0.5920120354187047
2024-08-05T12:15:00+05:30,1127.0,1130.1,1126.35,1128.2,605196,7.2342861861872,44.21419357761827,1132.2824999999998,1132.5126813957438,1131.1994807479095,1140.77669066186,1123.7883093381397,1133.4973400181336,1533054,-1697134.1999000893,10.81572673045547,44.0,-1.2706827383387918,-0.5429365623360696,-0.7277461760027222
2024-08-05T11:45:00+05:30,1125.95,1127.85,1125.0,1127.0,690132,6.946122887173831,42.98827412778422,1132.2675,1131.9876641199587,1130.3595845983277,1140.7978150586616,1123.7371849413382,1132.8575281176218,842922,-1418659.8841105849,10.911411793685458,44.0,-1.5530239962449741,-0.6602222561938015,-0.8928017400511726
2024-08-05T11:15:00+05:30,1127.25,1128.35,1124.3,1125.95,1175705,6.739256966661411,41.89370858854586,1132.3,1131.4126484894864,1129.4776676786623,1140.728226385191,1123.871773614809,1131.888533796447,-332783,-1636383.0322586694,11.212973266572408,44.0,-1.84029393909168,-0.7579937592324058,-1.0823001798592742
2024-08-05T10:45:00+05:30,1129.65,1130.2,1125.7,1127.3,1203396,6.57931004047131,43.872485018021095,1132.355,1131.0209676809638,1129.0421341429299,1140.6363585841957,1124.0736414158043,1131.2570091039202,870613,-1984030.7655920514,10.737007685250227,44.0,-1.9366986642382926,-0.6835187875032147,-1.253179876735078
2024-08-05T10:15:00+05:30,1134.9,1136.85,1127.05,1129.65,1251156,6.809359323294785,47.240638539679324,1132.3775,1130.890399330396,1129.163707314344,1140.6268317911229,1124.1281682088772,1131.1651955653856,2121769,-2571308.0717144627,11.357920581173055,44.00000000000001,-1.8026944042906052,-0.4396116220444217,-1.3630827822461835
2024-08-05T09:45:00+05:30,1139.15,1139.5,1134.0,1134.9,924455,7.026547943059437,53.89679211166287,1132.4150000000002,1131.2722660608345,1130.3109658514752,1140.7029490828572,1124.1270509171432,1131.6044012861635,3046224,-3193214.162623523,12.587416018330936,44.0,-1.2583583669606924,0.08377953222839296,-1.3421378991890853
2024-08-05T09:15:00+05:30,1142.0,1151.45,1130.55,1139.15,2035943,8.017508804269484,58.46506129614641,1132.5949999999998,1132.022526435993,1132.0787726811802,1141.293672312487,1123.8963276875127,1132.75850176281,5082167,-3553644.2631019726,15.792389222161445,96.0,-0.4785126583180954,0.6909001926967919,-1.1694128510148873
2024-08-02T15:15:00+05:30,1161.5,1162.6,1160.25,1161.9,885488,9.119829603964508,73.5650404188564,1133.925,1134.8680001087557,1138.0430181449442,1149.3808888453566,1118.4691111546433,1133.9306437410264,5967655,-3195681.029059303,19.838280321564753,100.0,1.9527455197730887,2.497726696630381,-0.5449811768572922
2024-08-02T14:45:00+05:30,1165.05,1165.65,1159.2,1161.55,2451258,8.929127489395617,73.12458947939186,1135.0800000000002,1137.4091429555408,1142.7444145159554,1154.6269025679267,1115.5330974320736,1138.7077557769828,3516397,-3860751.029059385,23.75831964056857,24.0,3.807403687568012,3.4819078915402435,0.3254957960277687
2024-08-02T14:15:00+05:30,1163.25,1165.75,1161.45,1165.0,986821,8.598475525867356,74.73062900188025,1136.4,1140.0368436264416,1147.1955316127644,1159.8877627712818,1112.9122372287184,1140.7156164547564,4503218,-3218169.912780319,27.330113435900568,28.0,5.492307908061775,4.133449689627206,1.35885821843457
2024-08-02T13:45:00+05:30,1162.9,1164.75,1162.2,1163.25,434462,8.184298702591112,72.36823285047892,1137.7725,1142.2476204239233,1150.4064252902115,1164.0070664153232,1111.537933584677,1141.776401214165,4068756,-3294839.67748621,30.5771987043842,28.0,6.610198019182917,4.2010718405986776,2.40912617858424
2024-08-02T13:15:00+05:30,1160.85,1165.0,1160.7,1162.9,637138,7.906848795263173,71.8788263370947,1139.4825,1144.214513716883,1152.9051402321693,1167.524830056541,1111.440169943459,1143.1657057859795,3431618,-3280022.514695492,32.907445176544506,28.0,7.382787729956817,3.9789292410980615,3.4038584888587557
2024-08-02T12:45:00+05:30,1159.7,1161.2,1158.05,1160.65,453390,7.688502452744385,68.66405291962477,1140.8049999999998,1145.7797981247988,1154.4541121857355,1170.1888033617156,1111.421196638284,1144.3335351627136,2978228,-2984959.181362141,33.9556676203324,28.0,7.724471546318455,3.4564904459677592,4.2679811003506956
2024-08-02T12:15:00+05:30,1158.5,1160.7,1157.0,1159.9,561303,7.403609420405504,67.57906476389162,1141.795,1147.1245792557704,1155.5432897485884,1172.3287829297317,1111.2612170702685,1145.6311546988404,2416925,-2666381.802983746,34.491025034251635,27.999999999999993,7.844315316444181,2.861067372874788,4.983247943569393
2024-08-02T11:45:00+05:30,1158.05,1159.4,1157.55,1158.5,575056,7.042637318947977,65.49851330827906,1143.145,1148.2079526599828,1156.134631798871,1174.1229905739538,1112.1670094260462,1146.8880083523868,1841869,-2650839.7489297073,34.977713592360026,28.0,7.737135189717264,2.203109796918297,5.534025392798967
2024-08-02T11:15:00+05:30,1160.6,1160.6,1156.1,1158.0,523856,6.86102036759455,64.73201349757784,1144.3,1149.1405285971273,1156.5077054390968,1175.682128672223,1112.917871327777,1148.3017692196522,1318013,-2732328.4600407975,34.77869016485635,28.0,7.525103635276309,1.5928625939818737,5.932241041294436
2024-08-02T10:45:00+05:30,1161.75,1164.9,1159.55,1160.6,515794,6.863804627052089,66.90112496209,1145.6575,1150.2319068259724,1157.3261643512774,1177.3917130042632,1113.9232869957368,1150.7488284039891,1833807,-3045661.2637791294,35.461317460588184,28.0,7.480633287662613,1.2387137970945412,6.241919490568072
2024-08-02T10:15:00+05:30,1160.4,1165.5,1158.05,1161.75,656667,6.9056757251198,67.84319516899262,1147.2125,1151.3288680806418,1158.210931481022,1178.9006188302485,1115.5243811697517,1153.4582352610546,2490474,-3050068.424852951,35.41647087445384,28.0,7.452280356766778,0.9682886929589642,6.483991663807814
2024-08-02T09:45:00+05:30,1162.3,1163.7,1157.2,1160.15,771507,6.8766988876112425,65.06830158529809,1148.7900000000002,1152.1689758824855,1158.5987451848177,1179.7476097268498,1117.8323902731506,1156.131727003008,1718967,-3121284.455622171,34.994485675194205,28.0,7.217504922512262,0.5868106069635584,6.630694315548704
2024-08-02T09:15:00+05:30,1164.0,1167.8,1159.15,1162.5,1104404,7.003363252781859,67.19089579504225,1150.44,1153.1528829412964,1159.3789961478542,1180.617070765731,1120.2629292342692,1158.2153006169178,2823371,-3370254.1434834525,35.50148292114422,68.0,7.138777674335415,0.4064666870293685,6.732310987306047
2024-08-01T15:15:00+05:30,1172.05,1172.75,1170.15,1172.0,1059182,7.235265877583155,74.05446891052345,1152.63,1154.9478464706967,1161.9031969182834,1182.3875939887605,1122.8724060112397,1162.5640945209352,3882553,-2922138.6819450124,36.81714035433547,72.0,7.753577947993563,0.8170135685500126,6.93656437944355
2024-08-01T14:45:00+05:30,1173.25,1174.3,1171.25,1172.05,1922241,6.9363183148986405,74.08519695243511,1154.8825000000002,1156.5766229972971,1163.9325575346268,1183.3301233629436,1126.4348766370567,1164.1472452976334,5804794,-3835990.960633579,38.248219360950934,76.0,8.150887815412489,0.9714587487751505,7.179429066637338
2024-08-01T14:15:00+05:30,1169.0,1174.0,1168.5,1173.05,1134097,6.833724149548737,74.72980481294735,1157.2375,1158.1455160451735,1165.7560460277016,1183.4229324959483,1131.0520675040516,1165.353348659838,6938891,-3093672.9242699617,38.27856822594232,76.0,8.449054944411046,1.0157007022189655,7.43335424219208
2024-08-01T13:45:00+05:30,1170.45,1172.35,1168.45,1169.0,505702,6.674172424580964,67.41589355901979,1159.3225,1159.1792764218237,1166.4048368221613,1182.0537224704228,1136.5912775295772,1165.6836939956236,6433189,-3456741.026834071,38.28311590543836,76.0,8.263299219901228,0.6639559821673178,7.59934323773391
2024-08-01T13:15:00+05:30,1171.9,1172.15,1169.55,1170.4,408049,6.422445822825187,68.56134705939154,1161.3600000000001,1160.2479167626025,1167.203869457729,1180.0295902472403,1142.69040975276,1165.9643523420757,6841238,-3597988.7576032733,38.28725015952566,76.0,8.135276367708002,0.42874650397927283,7.706529863728729
2024-08-01T12:45:00+05:30,1169.6,1172.4,1168.5,1171.9,630335,6.242271121194824,69.78685326466778,1163.2099999999998,1161.357638975688,1168.1430955661833,1177.94280692875,1148.4771930712495,1166.4361664832215,7471573,-3129278.1165776285,37.73253208724207,76.0,8.061921980745183,0.2843136936131625,7.77760828713202
2024-08-01T12:15:00+05:30,1170.05,1170.5,1166.1,1169.65,433342,6.210680326823778,65.6527577985178,1164.7350000000001,1162.14738764467,1168.4444764529467,1174.7485458255217,1154.7214541744786,1166.8005487460812,7038231,-2863363.707486698,36.0212113081024,76.0,7.733089660694532,-0.035614901149990885,7.7687045618445225
2024-08-01T11:45:00+05:30,1170.75,1171.0,1168.8,1170.0,326983,5.924203160622083,65.99026292144221,1165.1399999999999,1162.8952554880348,1168.7555811623574,1175.316030660322,1154.9639693396778,1167.3012083915519,7365214,-2833637.9802139644,34.63134025256579,76.0,7.415251351131019,-0.28276256857080284,7.698013919701822
2024-08-01T11:15:00+05:30,1170.75,1171.5,1170.0,1170.75,696554,5.608188649149077,66.74436755733345,1165.6,1163.6433263939361,1169.154464929886,1175.916103915714,1155.2838960842857,1168.0003609976243,8061768,-2833637.9802139644,33.54187034242438,72.0,7.141557503454578,-0.44516513299779525,7.586722636452373
2024-08-01T10:45:00+05:30,1170.1,1171.5,1168.0,1170.75,1167538,5.457603745638429,66.74436755733345,1165.8875,1164.3201524516564,1169.4735719439088,1176.4385129845343,1155.3364870154658,1168.66645721109,9229306,-2166473.408785393,31.480354172678123,68.0,6.845739731018966,-0.5927863243467266,7.438526055365693
2024-08-01T10:15:00+05:30,1166.5,1170.55,1166.45,1170.1,316726,5.37491776380711,65.28927164778617,1166.23,1164.8706141229272,1169.598857555127,1176.8607290436644,1155.5992709563357,1169.0004142217927,8912580,-1919272.6282975967,28.843339669862722,60.0,6.484107690153451,-0.7635346921697943,7.247642382323245
2024-08-01T09:45:00+05:30,1170.35,1170.65,1165.45,1166.45,499534,5.362423637820891,57.68428118114478,1166.4074999999998,1165.0210318255056,1168.9690860441017,1176.9278742804047,1155.887125719595,1169.3656574886825,8413046,-2226678.166759137,26.471305604259214,60.0,5.835716687308377,-1.1295405560118947,6.965257243320272
2024-08-01T09:15:00+05:30,1168.0,1175.65,1168.0,1170.35,2063423,5.636536235119402,62.68565279070165,1166.8925000000002,1165.5285526040288,1169.2452688352814,1177.1986280314095,1156.5863719685908,1170.263578232507,10476469,-3022377.2321186783,25.86032471445178,68.0,5.572325255594251,-1.1143455901808172,6.686670845775068
2024-07-31T15:15:00+05:30,1166.85,1168.85,1165.1,1167.8,2085748,5.608926504039444,57.86952935790177,1167.2875,1165.7448809274547,1168.9562150682252,1177.084329844383,1157.4906701556167,1170.3821264747967,8390721,-2104648.112118628,23.970340261405553,68.0,5.099043361737358,-1.2701019872301682,6.3691453489675265
2024-07-31T14:45:00+05:30,1166.05,1168.15,1163.4,1166.7,2826517,5.547574610893769,55.87524942602868,1167.6975,1165.8358446486495,1168.5049720545803,1176.6378844995502,1158.7571155004498,1169.4847397114434,5564204,-1003794.1226449979,22.03000966288971,68.0,4.582380415134594,-1.4294119470663462,6.01179236220094
2024-07-31T14:15:00+05:30,1165.9,1168.5,1164.7,1166.35,833793,5.422747852972782,55.22314470355078,1168.115,1165.8848118249687,1168.0739776436642,1175.911672367093,1160.318327632907,1168.8863274396188,4730411,-1113503.727908207,20.11381292451862,68.0,4.097446420900042,-1.5314767530407192,5.628923173940761
2024-07-31T13:45:00+05:30,1168.55,1169.55,1164.0,1165.9,661653,5.431837292046152,54.344959147193954,1168.38,1165.8862583178288,1167.6391821149314,1175.4647300583572,1161.295269941643,1168.5183816669128,4068758,-1322133.052232506,18.667752176585445,68.0,3.634920397828637,-1.5952022208896999,5.230122618718337
2024-07-31T13:15:00+05:30,1168.2,1171.0,1166.25,1168.25,739269,5.408134628328563,58.09290053512804,1168.7050000000002,1166.1113765732737,1167.761345691945,1175.106788812495,1162.3032111875052,1168.4651193270483,4808027,-1438859.7364430323,17.980477298441123,68.0,3.418583252711869,-1.4492314928051746,4.867814745517044
2024-07-31T12:45:00+05:30,1166.0,1169.0,1165.45,1168.2,553170,5.275410726305091,57.983832422787636,1169.1075,1166.3102930901048,1167.8490765535562,1174.1817758103775,1164.0332241896226,1168.362611201083,4254857,-1135005.7927810494,16.93258928604126,68.0,3.206141520751771,-1.3293385798122186,4.53548010056399
2024-07-31T12:15:00+05:30,1162.95,1167.0,1162.5,1166.0,705320,5.305738531569015,53.24680749989048,1169.2825,1166.2807413672376,1167.479261242845,1173.6213103207886,1164.9436896792115,1168.0840562396968,3549537,-743161.3483366049,16.21204577042155,68.0,2.827662767555239,-1.3662538664070007,4.19391663396224
2024-07-31T11:45:00+05:30,1161.8,1163.7,1161.35,1162.95,831278,5.258900065028378,47.45822667802253,1168.83,1165.963527903691,1166.5734089942762,1173.7847351089422,1163.8752648910577,1167.7491314687081,2718259,-442486.3270599783,16.041965910883494,68.0,2.255604909437807,-1.5506493796195464,3.806254289057353
2024-07-31T11:15:00+05:30,1159.55,1162.5,1157.65,1161.9,833886,5.261835774669204,45.61955691848332,1168.3225,1165.5765252461968,1165.638727195421,1173.8947953080205,1162.7502046919794,1167.3031962294278,1884373,185077.3636616986,17.22543089863458,56.0,1.6979458478422202,-1.6866467529721065,3.384592600814327
2024-07-31T10:45:00+05:30,1160.0,1161.9,1158.6,1159.55,514806,5.121704647907131,41.72341046039646,1167.6475,1165.0025704608447,1164.420981756337,1173.983861337534,1161.311138662466,1166.8827645600481,1369567,-33325.181792849005,18.30130816022648,56.0,1.0542192799500754,-1.8642986566914015,2.918517936641477
2024-07-31T10:15:00+05:30,1162.6,1163.65,1158.15,1160.1,942472,5.148725744485192,42.95143887760355,1167.2025,1164.5356589883834,1163.5567854050696,1174.3007022371726,1160.1042977628276,1166.2145961661195,2312039,-307498.8545201841,18.228897446465254,56.00000000000001,0.581735851772919,-1.8694256678948467,2.4511615196677656
2024-07-31T09:45:00+05:30,1161.95,1163.2,1158.15,1162.85,762036,5.14167390559339,48.7649215442835,1166.825,1164.3751200371087,1163.4154283240557,1174.0054247785074,1159.6445752214927,1165.9074735559586,3074075,348908.39300452627,18.163069524864138,-36.0,0.4243002786793113,-1.6214889927907636,2.045789271470075
2024-07-31T09:15:00+05:30,1157.0,1164.9,1154.0,1161.9,4542332,5.552982912336726,46.98371360518467,1166.325,1164.1393943192888,1163.1123426592446,1173.4143229577871,1159.235677042213,1164.508940550311,-1468257,2390874.1544724368,19.636131992435484,-52.0,0.22033451310835517,-1.4603638066893758,1.680698319797731
2024-07-30T15:15:00+05:30,1170.0,1171.7,1166.0,1167.3,1481000,5.856341275741243,56.671701088195434,1166.2075,1164.4404043841184,1163.9498741273958,1173.1488453306838,1159.2661546693162,1164.0492914149368,12743,1585418.0141215306,18.015411957285384,-52.0,0.488790571272375,-0.9535261988202848,1.4423167700926598
2024-07-30T14:45:00+05:30,1176.75,1178.1,1168.25,1170.0,2510449,6.209459756045436,60.55312890506807,1166.2075,1164.969889680869,1165.1598993019168,1173.1488453306838,1159.2661546693162,1164.7738552088401,2523192,-32993.27014242066,18.487768713100174,8.0,0.908933744235128,-0.4267064206860256,1.3356401649211536
2024-07-30T14:15:00+05:30,1172.8,1177.95,1172.8,1176.9,1920848,6.33378405918505,68.35494544829938,1166.5149999999999,1166.1060906636435,1167.5079194415334,1174.6723954176443,1158.3576045823554,1165.762978585353,4444040,1104596.3220906367,18.917183945659076,8.0,1.778174876964158,0.35402776963440363,1.4241471073297545
2024-07-30T13:45:00+05:30,1171.9,1174.25,1171.4,1172.85,911166,6.274228054957547,60.75896005901953,1166.6200000000001,1166.7483677432965,1168.5763355532267,1175.0424936924765,1158.1975063075238,1166.0875988680614,3532874,1120581.6905116027,18.6965728068556,8.0,2.1158632302192473,0.5533728983115942,1.562490331907653
2024-07-30T13:15:00+05:30,1173.2,1174.65,1168.5,1171.9,860091,6.265354622460586,59.09992941748038,1166.71,1167.238999386792,1169.2410684425815,1175.3157887494294,1158.1042112505706,1166.3389226499805,2672783,1211485.6173408823,17.325286696199825,8.0,2.280538000089109,0.5744381345451648,1.7060998655439443
2024-07-30T12:45:00+05:30,1173.3,1179.95,1171.5,1173.2,2433397,6.421400720856261,60.68204926919424,1167.0475000000001,1167.8067137309072,1170.0328547540653,1176.103684351028,1157.9913156489722,1167.3082228488402,5106180,-242793.06313246954,17.671973075215764,24.0,2.487271361097328,0.6249371964427066,1.8623341646546212
2024-07-30T12:15:00+05:30,1176.35,1177.45,1173.3,1173.5,819116,6.266300669366529,61.056430155182206,1167.205,1168.3489314708208,1170.7262838032523,1176.5890769391453,1157.8209230608545,1167.6053065811875,5925296,-982958.1233734172,17.987142510684798,24.0,2.6448285942394705,0.6259955436678792,2.0188330505715912
2024-07-30T11:45:00+05:30,1178.05,1178.1,1175.1,1176.35,759356,6.1472791929831985,64.51339914624005,1167.6325000000002,1169.1109379974093,1171.8510270426018,1177.8298170490968,1157.4351829509035,1168.027074694775,6684652,-1109517.4567067504,18.462025922285957,24.0,2.96548080146772,0.7573182007169028,2.2081626007508173
2024-07-30T11:15:00+05:30,1173.85,1178.6,1173.25,1178.1,726265,6.090330679198678,66.48096425741326,1168.2024999999999,1169.9670391405132,1173.1008216340815,1179.3571167571902,1157.0478832428096,1168.562539565101,7410917,-519002.9239964724,18.042389064206436,24.0,3.3225105273420468,0.8914783412729834,2.4310321860690633
2024-07-30T10:45:00+05:30,1178.25,1178.45,1170.25,1173.55,1156244,6.241021344970205,57.546978270376506,1168.5625,1170.3082735080834,1173.1906573072654,1179.917669527567,1157.207330472433,1169.1994133703265,6254673,-744611.509362344,16.425234592183884,24.0,3.2014083407495946,0.6163009237444248,2.5851074170051698
2024-07-30T10:15:00+05:30,1170.7,1180.0,1170.0,1178.2,1287644,6.5095198203294755,63.0168604615613,1169.1775,1171.0598665073135,1174.1925258458123,1181.2018700458602,1157.1531299541398,1169.8421588809795,7542317,79480.65063766774,15.531291491830393,43.99999999999999,3.4409845952343403,0.6847017425833362,2.756282852651004
2024-07-30T09:45:00+05:30,1172.3,1172.45,1165.5,1170.55,968822,6.95169697602023,51.305080513367244,1169.2925,1171.0113077923313,1173.4640206766499,1181.323180570931,1157.261819429069,1170.2370527541675,6573495,518587.0247383653,15.154775089392077,44.0,2.9792168790015694,0.1783472210804522,2.800869657921117
2024-07-30T09:15:00+05:30,1164.1,1172.45,1160.2,1172.3,2225807,7.330147192018785,53.43698869965505,1169.4975,1171.134040383538,1173.23121654132,1181.5863161124146,1157.4086838875853,1170.3458787472987,8799302,2689884.465554659,16.257277298438126,44.0,2.723083005839271,-0.06222932166547679,2.785312327504748
2024-07-29T15:15:00+05:30,1168.75,1171.5,1168.0,1169.25,1576581,7.113708106874583,49.37932138766357,1169.6599999999999,1170.9546079660581,1172.434973233056,1181.643305053272,1157.6766949467278,1172.6161541863316,7222721,2239432.7512689447,17.259552033934536,44.0,2.2480711906168835,-0.4297929095102919,2.6778641001271755
2024-07-29T14:45:00+05:30,1173.6,1177.0,1167.0,1168.75,2813991,7.319871813526398,48.72611400422395,1169.95,1170.7446453026241,1171.6979785864448,1181.544136449075,1158.355863550925,1172.6905715298417,4408730,410338.60126894456,16.043795488540432,44.0,1.8104058517319572,-0.6939665987161749,2.504372450448132
2024-07-29T14:15:00+05:30,1170.0,1176.9,1168.55,1173.65,1445652,7.393452398274522,55.007517391767074,1170.5375,1171.0213457499933,1172.088382869156,1181.6199579854724,1159.4550420145274,1172.7878473460746,5854382,730632.7569575857,14.93856226545488,44.0,1.8377574426144747,-0.533292006266926,2.3710494488814007
2024-07-29T13:45:00+05:30,1178.0,1179.0,1169.85,1170.0,1090845,7.518920084112062,50.08538866940852,1171.06,1170.9240747261845,1171.6707062953249,1180.9413764223289,1161.178623577671,1172.4854053218517,4763537,-324446.8332063274,13.966454876678197,44.0,1.5470755557832945,-0.6591791144784853,2.20625467026178
2024-07-29T13:15:00+05:30,1171.15,1179.2,1171.0,1177.95,774970,7.638997220961203,58.74447365669718,1171.9524999999999,1171.5932104665478,1172.92656503626,1180.8926048651426,1163.0123951348571,1172.6145284033855,5538507,214251.82533025928,13.153522358375438,44.0,1.9358908802796577,-0.21629103198569766,2.1521819122653554
2024-07-29T12:45:00+05:30,1180.35,1183.0,1170.6,1171.15,909453,7.97906884803541,50.65061688382452,1172.3674999999998,1171.5509999459243,1172.571252029008,1180.2917838793005,1164.4432161206992,1172.766970853864,4629054,-614523.8924116502,13.668961785294847,76.0,1.676006694283842,-0.38094017438521055,2.0569468686690526
2024-07-29T12:15:00+05:30,1177.5,1181.8,1163.65,1180.35,2879510,8.705563930318585,58.90114610987276,1173.29,1172.3889999510743,1174.1270016232065,1180.3766494198412,1166.2033505801587,1172.8723491601634,7508564,1804899.1103431531,13.158422907753847,76.0,2.1871970705628883,0.1042001615150685,2.0829969090478198
2024-07-29T11:45:00+05:30,1189.1,1194.6,1174.3,1177.5,2171055,9.533737935295827,55.78947240951356,1173.8,1172.875761860496,1174.8016012985652,1180.548999925895,1167.0510000741049,1173.7656387761203,5337509,318314.65221508546,14.31687770399172,84.0,2.335426601031486,0.20194375358693284,2.133482847444553
2024-07-29T11:15:00+05:30,1184.95,1189.8,1183.8,1188.9,640724,9.731328082774693,63.98533022498024,1174.745,1174.4018797785438,1177.6212810388522,1183.9477658885642,1165.5422341114356,1174.090346886407,5978233,766821.4522151146,15.370018427844332,84.0,3.334348009791711,0.9606921298777262,2.3736558799139846
2024-07-29T10:45:00+05:30,1171.85,1187.2,1171.15,1185.0,1221311,10.3040903625765,59.894600121976275,1175.15,1175.4112245615397,1179.0970248310819,1185.3548517872491,1164.945148212751,1174.4079984183425,4756922,1653318.2216855115,14.744270037157538,84.0,3.7678693641216796,1.1153707873661558,2.652498576755524
2024-07-29T10:15:00+05:30,1176.75,1177.75,1171.85,1171.85,650509,10.507369622392472,48.60988006814703,1175.1,1175.0720603175835,1177.6476198648656,1185.3590935271943,1164.8409064728055,1174.407549436086,4106413,1002809.2216855115,14.175407863805907,84.0,3.015581315643658,0.2904661911105073,2.7251151245331506
2024-07-29T09:45:00+05:30,1177.1,1180.55,1175.0,1176.75,1260554,10.378271792221584,52.222185085238934,1175.3425000000002,1175.2318640968613,1177.4680958918925,1185.5164999508415,1165.1685000491589,1174.4888790150849,5366967,537199.1856494821,12.985973984562632,84.0,2.7826994393074074,0.0460674518194053,2.736631987488002
2024-07-29T09:15:00+05:30,1182.35,1184.5,1174.85,1177.05,2132483,10.326252378491477,52.44259584038969,1175.535,1175.4050198971602,1177.384476713514,1185.685226598442,1165.3847734015583,1175.1325004322782,7499450,-622959.959428227,12.585327016255663,32.0,2.592462078197059,-0.11533592743275456,2.7077980056298134
2024-07-26T15:15:00+05:30,1177.3,1178.0,1174.0,1176.0,1109772,9.874377208599228,51.54628916228347,1175.66,1175.461684668859,1177.1075813708112,1185.7683925527117,1165.5516074472885,1175.9127459870458,6389678,-622959.959428227,12.002539767475874,32.0,2.330111301507486,-0.302149363297862,2.632260664805348
2024-07-26T14:45:00+05:30,1176.15,1180.55,1174.75,1177.1,2276840,9.583350265127851,52.46291701529169,1175.6974999999998,1175.6177147003964,1177.106065096649,1185.8214061137346,1165.573593886265,1176.5450347782696,8666518,-1054774.4421869046,12.053547016038175,32.0,2.1857611339985397,-0.35719962464544697,2.5429607586439866
2024-07-26T14:15:00+05:30,1178.2,1179.25,1174.75,1176.2,701782,9.220253817618717,51.60276835892643,1175.6025,1175.673170443216,1176.9248520773192,1185.6699462998179,1165.535053700182,1177.3739961291694,7964736,-1304296.9310757793,12.099917242003903,32.0,1.9759624428274947,-0.45359865265319366,2.4295610954806883
2024-07-26T13:45:00+05:30,1175.1,1178.8,1175.0,1178.2,1302076,8.833092830645949,53.43002381108793,1175.835,1175.9138208771953,1177.1798816618555,1185.9168698662359,1165.7531301337642,1177.6993898927533,9266812,-413402.825812564,12.142071992881837,32.0,1.9486163179176401,-0.38475582205043857,2.3333721399680787
2024-07-26T13:15:00+05:30,1173.7,1177.5,1172.7,1175.1,1198546,8.595014771314096,50.26236740365496,1175.6799999999998,1175.8363141269863,1176.7639053294845,1185.7068339968164,1165.6531660031833,1177.8067952194497,8068266,-413402.82581262075,11.407082679530724,31.999999999999996,1.6576913902201795,-0.5405445997983196,2.198235990018499
2024-07-26T12:45:00+05:30,1168.5,1173.95,1166.55,1173.7,935529,8.591799430505942,48.85372294676683,1175.8375,1175.6328556387018,1176.1511242635877,1185.633360094944,1166.0416399050562,1177.5678965741563,7132737,458914.75526846113,11.721523049712879,32.00000000000001,1.2991867729047044,-0.7192393736910359,2.0184261465957403
2024-07-26T12:15:00+05:30,1163.45,1168.95,1163.15,1168.5,1004129,8.731670899755514,43.92912281037888,1175.6475,1174.9535360540635,1174.6208994108702,1185.8494348654908,1165.4455651345093,1177.140166356853,6128608,1307230.6345787891,12.778057601896723,32.0,0.588686724889385,-1.1437915373650842,1.7324782622544692
2024-07-26T11:45:00+05:30,1163.7,1166.55,1162.5,1163.4,1259940,8.536551549772977,39.70206735652617,1175.355,1173.8531992870098,1172.3767195286962,1186.559994422119,1164.150005577881,1176.5260093141715,4868668,607263.9679121854,13.881481212781221,32.0,-0.3815191443520689,-1.6911979252852305,1.3096787809331616
2024-07-26T11:15:00+05:30,1165.15,1165.3,1161.45,1163.7,1386274,8.201797867646329,40.067396501213565,1175.1025000000002,1172.8862279263421,1170.641375622957,1187.0916398773943,1163.113360122606,1174.7547153613484,6254942,841310.2276524834,15.124624842928045,32.0,-1.1133725274403332,-1.938441046698796,0.8250685192584627
2024-07-26T10:45:00+05:30,1172.95,1173.1,1165.0,1165.15,2893829,8.28738373424301,41.89967665683745,1174.6775,1172.1494443143097,1169.5431004983657,1187.4213406691124,1161.9336593308876,1173.2838720395584,9148771,-1945339.9204955983,13.832904173858475,32.0,-1.5584044084646393,-1.9067783421784816,0.3483739337138423
2024-07-26T10:15:00+05:30,1176.7,1178.25,1172.45,1172.8,868890,8.631142038939931,50.498266915488344,1174.8174999999999,1172.2114019986611,1170.1944803986926,1187.4133832560372,1162.2216167439626,1172.8355538148817,10017661,-2709363.886012866,13.915169744762728,32.0,-1.2790601054668969,-1.3019472313445914,0.022887125877694484
2024-07-26T09:45:00+05:30,1180.0,1183.15,1175.25,1176.45,1300154,8.753917607587088,53.9965520221982,1174.7424999999998,1172.6150779987886,1171.4455843189542,1187.2806128962743,1162.2043871037254,1173.1638506875777,11317815,-3614534.3923419695,14.977442412040393,32.0,-0.7544563341100456,-0.6218747679901921,-0.13258156611985356
2024-07-26T09:15:00+05:30,1165.0,1180.65,1155.25,1180.1,2199651,9.942923492759446,57.250081678364076,1175.19,1173.3279277131896,1173.1764674551634,1187.8218090549105,1162.5581909450896,1172.777753492827,13517466,-1510143.8687199536,15.443267644260542,-72.0,-0.0436760991826759,0.07112437354974213,-0.11480047273241803
2024-07-25T15:15:00+05:30,1175.1,1179.5,1173.6,1176.25,2403399,9.697000386133771,52.99278715117866,1174.985,1173.6062203119334,1173.7911739641308,1187.4065176206338,1162.563482379366,1172.5850323595055,11114067,-1754557.3263470314,15.86674512809704,-72.0,0.20657822845782903,0.25710296095219765,-0.05052473249436862
2024-07-25T14:45:00+05:30,1167.55,1175.95,1166.6,1175.1,3762024,9.69364321569565,51.75476136483964,1174.865,1173.7484850441301,1174.0529391713046,1187.233269887083,1162.496730112917,1172.4181052948836,7352043,1323462.3100165052,17.221561759876362,-72.0,0.30855437429045196,0.28726328542785645,0.021291088862595498
2024-07-25T14:15:00+05:30,1165.85,1168.4,1164.55,1167.55,1324928,9.75481155743167,44.41798072141265,1173.7975000000001,1173.1581531351653,1172.7523513370438,1184.7392308959656,1162.8557691040346,1171.579896668394,6027115,2063357.1671592891,18.71275965390745,-72.0,-0.21734527640228407,-0.19090909221190366,-0.026436184190380418
2024-07-25T13:45:00+05:30,1160.0,1168.25,1159.35,1165.8,1449656,9.6937535890437,42.89992559219229,1172.8375,1172.457376646102,1171.361881069635,1183.0221882622757,1162.6528117377245,1170.981832745968,4577459,2714887.953676136,20.69107583361813,-72.0,-0.7664991876129079,-0.592050402738022,-0.1744487848748859
2024-07-25T13:15:00+05:30,1158.9,1161.0,1158.0,1160.05,996389,9.558485475540575,38.27163871772999,1172.2475,1171.2757217274254,1169.0995048557081,1183.8597553795432,1160.6352446204567,1170.1321808368305,3581070,3080230.5870094392,22.644453280934123,-72.0,-1.6467024036599014,-1.1778028950280124,-0.46889950863188906
2024-07-25T12:45:00+05:30,1157.1,1159.85,1156.75,1159.05,1135966,9.111450798716245,37.51363776722116,1171.3625,1170.1113672771944,1167.0896038845665,1184.1097300912684,1158.6152699087315,1169.2983897631134,2445104,3629891.5547513906,24.5691693914045,-72.0,-2.3973265483841715,-1.5427416318018259,-0.8545849165823456
2024-07-25T12:15:00+05:30,1159.95,1160.15,1156.0,1157.35,1178484,8.757061455950806,36.20099425838053,1170.3775,1168.8959989650807,1165.1416831076533,1184.2126535950904,1156.5423464049097,1168.630210923007,1266620,3218132.084871804,26.412660098342744,-72.0,-3.0937149632150067,-1.7913040373061289,-1.3024109259088779
2024-07-25T11:45:00+05:30,1159.7,1160.9,1156.55,1159.95,1377006,8.44227135195433,39.677523507182094,1169.575,1168.0439990636444,1164.1033464861227,1183.8669382870116,1155.2830617129885,1168.1498341355593,2643626,3993687.1883200696,27.827958407912305,-68.0,-3.3966550037439447,-1.6753952622680535,-1.7212597414758912
2024-07-25T11:15:00+05:30,1161.6,1162.85,1156.2,1159.75,2210298,8.314251969671869,39.49921920632779,1168.7075,1167.2540943909164,1163.2326771888984,1183.1722943296734,1154.2427056703266,1167.5838946697916,433328,4143256.2259140727,28.423157103231787,-64.0,-3.6112472861670994,-1.5119900357529663,-2.099257250414133
2024-07-25T10:45:00+05:30,1157.5,1162.5,1157.0,1161.65,2033058,8.113233971838165,42.158505268244014,1167.98,1166.720371115591,1162.9161417511189,1182.327383036629,1153.632616963371,1167.2276142231217,2466386,5547914.480459595,28.964246826249497,-52.0,-3.5866543759725573,-1.1899177004467392,-2.396736675525818
2024-07-25T10:15:00+05:30,1161.1,1165.0,1155.5,1157.6,3559909,8.21228868813544,38.294589891890034,1166.95,1165.8517643426776,1161.8529134008952,1181.171919701635,1152.728080298365,1166.084351897603,-1093523,3561859.9857226848,28.518880641539134,-52.00000000000001,-3.849589795324391,-1.1622824958388582,-2.687307299485533
2024-07-25T09:45:00+05:30,1168.45,1169.55,1160.55,1161.1,2537138,8.47926806755434,43.14428289745808,1166.25,1165.3992153576608,1161.7023307207162,1180.1734693952246,1152.3265306047754,1165.6009857254812,1443615,1334816.6301671034,26.61223892989633,-52.0,-3.7325210806250197,-0.8361710249115895,-2.8963500557134303
2024-07-25T09:15:00+05:30,1200.0,1200.0,1162.05,1168.5,8474822,10.652177491300465,51.77440529972479,1165.99,1165.6945281807407,1163.061864576573,1179.5363869721693,1152.4436130278307,1167.8769147077564,9918437,-4259235.836236041,28.346516521390626,52.0,-3.0079513345713167,-0.08928102308630903,-2.9186703114850077
2024-07-24T15:15:00+05:30,1237.3,1246.3,1236.0,1240.2,810644,15.448450527636142,81.33578400070611,1169.575,1172.7902874016224,1178.4894916612584,1204.6785681946972,1134.471431805303,1169.3826810649753,10729081,-4408772.108080691,32.15940858319996,56.0,3.3136682822464536,4.985870874985169,-1.6722025927387156
2024-07-24T14:45:00+05:30,1237.0,1240.5,1235.15,1237.3,1631232,14.727132632804983,79.22059718554152,1173.27,1178.9340695538488,1190.2515933290067,1218.9576066346194,1127.5823933653805,1172.2881531350583,9097849,-4728920.44452935,35.48536004203345,56.0,7.997402531522539,7.735684099409004,0.2617184321135353
2024-07-24T14:15:00+05:30,1229.0,1243.5,1228.35,1237.0,1057147,14.75733744474749,78.99174412923313,1176.935,1184.464158167768,1199.6012746632055,1230.110314761642,1123.7596852383579,1174.5270610753512,8040702,-4578896.282813173,37.37576463455172,56.0,11.551924777747217,9.032165076506946,2.5197597012402717
2024-07-24T13:45:00+05:30,1244.65,1245.0,1227.2,1229.0,438722,14.97467048440838,72.94055040636371,1180.1275,1188.7056669136948,1205.4810197305644,1237.583757056997,1122.671242943003,1175.7789869954006,7601980,-4928887.990678343,39.16430053946041,56.0,13.566984374900358,8.837779738928068,4.729204635972289
2024-07-24T13:15:00+05:30,1238.0,1246.7,1235.4,1244.85,756950,15.169336878379212,76.74204849994949,1183.73,1194.0527462552477,1213.3548157844516,1247.5764674042323,1119.8835325957677,1178.1467161280334,8358930,-4419788.875634114,40.87411433128992,72.0,16.25551272737198,9.221046473119753,7.034466254252227
2024-07-24T12:45:00+05:30,1230.6,1238.5,1230.15,1238.05,400240,15.135812815637829,72.06446736695042,1186.81,1198.2429608976051,1218.2938526275614,1254.7655634219868,1118.854436578013,1179.645848371704,7958690,-4062688.516352682,41.45182273897057,72.0,17.634211433982045,8.479796143783854,9.154415290198191
2024-07-24T12:15:00+05:30,1235.5,1236.65,1226.65,1230.95,870053,14.86896904309226,67.44221268365075,1189.3525,1201.357917002595,1220.8250821020492,1259.870330901125,1118.8346690988749,1182.1702949630867,7088637,-4184495.9363526898,41.341207045354246,72.0,17.947047042477607,7.034105401823531,10.912941640654076
2024-07-24T11:45:00+05:30,1234.2,1238.5,1232.05,1235.15,553504,14.346185540014238,68.72032931825774,1192.2975000000001,1204.5762106213956,1223.6900656816395,1265.2578966203562,1119.337103379644,1184.343629016207,7642141,-4205949.579763522,41.38667710582357,72.0,18.322664148364538,5.927778006168369,12.39488614219617
2024-07-24T11:15:00+05:30,1242.25,1243.5,1230.55,1234.2,1148991,14.246458001441795,68.06941084761894,1195.2525,1207.3975238955484,1225.7920525453117,1269.9539355618394,1120.5510644381607,1187.8992768381793,6493150,-4707246.81142374,41.81922722726216,72.0,18.332362289462708,4.749980917813231,13.582381371649477
2024-07-24T10:45:00+05:30,1243.95,1248.45,1240.5,1242.25,644238,14.24671100133881,70.60980330387301,1198.9875,1210.7168073340677,1229.0836420362493,1275.2290298574183,1122.7459701425817,1191.8532700031187,7137388,-5067858.018970911,42.57754434867935,92.0,18.773209980756747,4.152662887285814,14.620547093470933
2024-07-24T10:15:00+05:30,1250.95,1255.0,1240.15,1243.7,777191,14.289803072671745,71.05648885255394,1202.8825000000002,1213.858063778442,1232.0069136289994,1279.8996816869433,1125.865318313057,1196.3452080272978,7914579,-5473462.749610645,43.71055295270983,96.0,19.02033327187587,3.519828942723949,15.500504329151921
2024-07-24T09:45:00+05:30,1253.2,1264.1,1249.4,1250.9,466641,14.72624571033804,73.23201481489066,1207.425,1217.3858672281142,1235.7855309031997,1284.5179341768721,1130.3320658231278,1204.0718420047513,8381220,-5844870.892467787,45.27254817985085,100.0,19.571551425637153,3.2568376771881837,16.31471374844897
2024-07-24T09:15:00+05:30,1262.9,1267.35,1248.7,1253.45,778911,15.006513873885313,73.97802653944368,1212.145,1220.8205465397223,1239.31842472256,1288.3672992306026,1135.9227007693974,1211.684105021318,9160131,-6227017.576113896,46.86549277825861,60.0,19.983798680856125,2.935267945925723,17.048530734930402
2024-07-23T15:15:00+05:30,1262.9,1265.85,1260.55,1264.1,402954,14.820334311464922,76.87654935694299,1217.4825,1224.942399250225,1244.274739778048,1292.5507974030947,1142.4142025969054,1241.122491580378,9563085,-6090165.274227106,48.31362423135658,60.0,20.928621474194415,3.10407259141121,17.824548882783205
2024-07-23T14:45:00+05:30,1275.55,1276.3,1258.2,1262.75,860766,15.054596146360279,75.72509908079755,1222.6225,1228.5431231311559,1247.9697918224383,1295.2682326688873,1149.9767673311126,1243.1093139986813,8702319,-6518170.467597274,50.16837686730187,68.0,21.322672135936045,2.7984986025222724,18.524173533413773
2024-07-23T14:15:00+05:30,1270.2,1283.0,1264.65,1275.5,917463,15.425696421620259,78.93424481051669,1228.41,1233.0152066424744,1253.4758334579508,1298.4959301143917,1158.3240698856084,1246.8415969038142,9619782,-6350677.22236567,52.14151084662561,72.0,22.405501889312745,3.105062684719176,19.30043920459357
2024-07-23T13:45:00+05:30,1262.2,1271.75,1258.9,1270.25,562453,15.509575248647378,74.56315194321418,1233.8400000000001,1236.5613774384292,1256.8306667663608,1299.053768484879,1168.6262315151214,1249.1884871649604,9057329,-5919536.2068014685,52.57625109954867,72.0,22.57973600504306,2.6234374403595915,19.95629856468347
2024-07-23T13:15:00+05:30,1253.1,1266.55,1251.0,1262.2,1159231,15.776748445172567,68.31618192040308,1239.07,1239.0031510157216,1257.9045334130888,1295.1215334312926,1183.0184665687073,1251.0542858729143,7898098,-5408878.17786255,51.31408737943484,72.0,21.816760044375314,1.488369183753477,20.328390860621838
2024-07-23T12:45:00+05:30,1273.5,1273.5,1251.7,1253.0,842747,16.20698069908881,61.93024542956284,1243.665,1240.3361842523195,1256.9236267304711,1287.0270006457183,1200.3029993542816,1252.3683699468122,7055351,-6151114.067770811,50.72994849987344,72.0,20.236459675825017,-0.07354494783745835,20.310004623662476
2024-07-23T12:15:00+05:30,1276.2,1281.8,1261.35,1273.15,1050431,17.10648207772532,68.80760377824936,1248.8975,1243.4613095616226,1260.168901384377,1277.439827778218,1220.3551722217821,1254.8559097530103,8105782,-5989311.737697445,50.786131310132326,72.0,20.375125088774894,0.05209637208993456,20.32302871668496
2024-07-23T11:45:00+05:30,1275.55,1281.7,1273.05,1276.25,294579,16.50244764360209,69.71407444369284,1250.7,1246.5840419843253,1263.3851211075016,1281.2969116088407,1220.1030883911594,1257.4291707854927,8400361,-6065936.333073166,50.837206592185865,72.0,20.498864371413447,0.14066852378278938,20.358195847630657
2024-07-23T11:15:00+05:30,1283.9,1284.85,1269.4,1275.8,670140,16.427272811916215,69.39879731765723,1252.625,1249.3665141762942,1265.8680968860012,1284.4281209160233,1220.8218790839767,1259.8106681872368,7730221,-6180879.439869288,50.07592002398889,96.0,20.32630837494594,-0.025509978147777446,20.351818353093716
2024-07-23T10:45:00+05:30,1280.8,1288.45,1280.15,1284.35,446808,16.157467611065062,71.99066638088814,1254.9925,1252.6982747309328,1269.564477508801,1288.7783738972248,1221.2066261027753,1263.680409974001,8177029,-6175496.210953643,49.69703800512678,100.0,20.641527370591803,0.23176721399846656,20.409760156593336
2024-07-23T10:15:00+05:30,1284.0,1285.0,1278.05,1280.8,490682,15.499791353131846,69.36370454213764,1257.5825,1255.374629518463,1271.811582007041,1290.9402018842597,1224.2247981157402,1265.8908933637842,7686347,-6277868.714550767,48.86182080462149,96.0,20.370071855834567,-0.03175064060701516,20.401822496441582
2024-07-23T09:45:00+05:30,1282.45,1286.8,1281.5,1284.0,287536,14.821234827908143,70.41180369590141,1259.54,1258.1008552786095,1274.2492656056327,1294.2468091301853,1224.8331908698146,1268.1088366350202,7973883,-6294144.337192275,48.28484070273148,92.0,20.180526117995214,-0.1770371027570974,20.35756322075231
2024-07-23T09:15:00+05:30,1288.5,1291.1,1277.55,1282.55,787205,14.730432340200414,69.25562783148945,1261.7649999999999,1260.4293452520753,1275.9094124845062,1296.3812981845126,1227.1487018154871,1270.0466834647104,7186678,-6500386.237561276,48.185560960191445,76.0,19.686374601249327,-0.5369508956023878,20.223325496851714
2024-07-22T15:15:00+05:30,1281.65,1286.2,1279.7,1286.2,875813,14.142544315900384,70.56583420281233,1264.5275,1262.8836933233063,1277.967529987605,1297.6524675471398,1231.40253245286,1272.409809619316,8062491,-5624573.237561276,48.095306648791414,76.0,19.36604079637732,-0.6858277603795173,20.051868556756837
2024-07-22T14:45:00+05:30,1285.55,1288.15,1281.5,1281.65,1381459,13.607362579050363,66.74718097279731,1266.8525,1264.6709606258485,1278.7040239900841,1297.8632961039225,1235.8417038960774,1274.2239347707177,6681032,-6943710.778914623,48.218449722296285,76.0,18.531408433057322,-1.216368098959613,19.747776532016935
2024-07-22T14:15:00+05:30,1283.0,1286.7,1281.5,1285.55,532347,13.006836680546769,68.32920335521533,1269.42,1266.6594405662438,1280.0732191920674,1297.5621996297205,1241.2778003702797,1275.467647899862,7213379,-6646824.951991563,48.33039797093707,76.0,17.977421157714844,-1.4162842994416742,19.393705457156518
2024-07-22T13:45:00+05:30,1284.55,1285.9,1282.1,1282.8,495594,12.349205489079155,65.94671867814841,1271.4475,1268.196636702792,1280.618575353654,1297.2099431100587,1245.6850568899413,1275.9764208757192,6717785,-6959831.688833665,48.43216910606506,76.0,17.119141427372824,-1.8196512238269555,18.93879265119978
2024-07-22T13:15:00+05:30,1284.75,1288.65,1284.35,1284.6,284026,11.88497652557351,66.76360599317806,1273.4924999999998,1269.7588617787164,1281.4148602829232,1296.4617898235663,1250.5232101764334,1276.7970251176266,7001811,-7210831.409763899,48.865999115116374,76.0,16.395199855995088,-2.0348742361637555,18.430074092158844
2024-07-22T12:45:00+05:30,1286.3,1287.5,1284.0,1284.6,219446,11.28604963088969,66.76360599317806,1275.1775000000002,1271.1723035140767,1282.0518882263386,1296.1255900083752,1254.2294099916253,1279.2741323570176,7221257,-7355038.7811924815,49.11706093663868,76.0,15.641169281770544,-2.2311238483106415,17.872293130081186
2024-07-22T12:15:00+05:30,1285.4,1287.5,1282.75,1286.6,269059,10.819188942968996,67.76020915117118,1276.835,1272.6416079413075,1282.961510581071,1295.7957779375997,1257.8742220624003,1281.5567663744635,7490316,-7187938.981192492,48.809669825389186,68.0,15.031701803027318,-2.272473061643094,17.30417486467041
2024-07-22T11:45:00+05:30,1284.8,1287.0,1282.2,1285.25,320762,10.389246875614065,66.31474631857142,1277.8925,1273.8424071849925,1283.4192084648569,1296.2436382480478,1259.541361751952,1283.0494451012512,7169554,-7101065.939525828,48.28565223030153,68.0,14.275205039875118,-2.4231758598362347,16.698380899711353
2024-07-22T11:15:00+05:30,1286.75,1287.5,1284.5,1284.75,327273,9.861443527355917,65.7552674869855,1278.9924999999998,1274.8812255483265,1283.6853667718856,1296.1817488200895,1261.8032511799101,1283.402891186111,6842281,-7373793.439525828,47.90312022874759,60.0,13.479941706466661,-2.5747513545957545,16.054693061062416
2024-07-22T10:45:00+05:30,1287.4,1289.0,1284.55,1286.75,282916,9.474911846830496,66.9561722596506,1279.5549999999998,1276.0115850199145,1284.2982934175086,1296.984885254899,1262.1251147451007,1284.1820324601822,7125197,-7376972.270986499,47.84228575515951,60.0,12.862798733494401,-2.5535154620544134,15.416314195548814
2024-07-22T10:15:00+05:30,1289.9,1290.95,1283.65,1287.4,561846,9.319561000628315,67.35683148216259,1280.4125,1277.0961959703989,1284.918634734007,1297.6128451999934,1263.2121548000064,1284.4223920446104,7687043,-7361579.229890605,48.14521205462884,52.00000000000001,12.284549410128875,-2.5054118283359514,14.789961238464826
2024-07-22T09:45:00+05:30,1285.7,1290.8,1284.2,1289.8,353787,9.125306643440572,68.8582783934486,1281.7925,1278.3060820684561,1285.8949077872055,1297.2689425821611,1266.316057417839,1284.8379681038641,8040830,-7115000.411708789,48.420599599600976,52.0,11.882963194841068,-2.325598434899007,14.208561629740075
2024-07-22T09:15:00+05:30,1283.35,1292.35,1278.2,1285.65,769924,9.484213311766236,63.425717522648384,1283.425,1279.0055028238412,1285.8459262297645,1291.551161455381,1275.298838544619,1284.9244008531668,7270906,-7074191.719129271,45.68113341179235,84.0,11.101857605144232,-2.4853632196766746,13.587220824820907
